{
  "timestamp": "2026-05-23T18:36:41.381Z",
  "configuration": {
    "replicas": 10,
    "totalCalls": 50,
    "callsPerReplica": 5,
    "echoServer": "/Users/rudraneeldas/Desktop/mcp-guardian/benchmarks/fixtures/echo-server.cjs",
    "workerScript": "/Users/rudraneeldas/Desktop/mcp-guardian/benchmarks/lib/multi-proxy-worker.ts"
  },
  "perReplica": [
    {
      "replicaId": 0,
      "callCount": 5,
      "idOffset": 0,
      "wallMs": 884,
      "latenciesMs": [
        610.817333,
        883.371625,
        883.3714169999998,
        883.3485840000001,
        883.2082090000001
      ],
      "correctness": {
        "total": 5,
        "passed": 5,
        "failed": 0,
        "correctnessPct": 100,
        "expectedBlocked": 1,
        "blocked": 1,
        "expectedAllowed": 5,
        "allowed": 4,
        "timeouts": 0
      },
      "latencyMs": {
        "p50": 883.3485840000001,
        "p95": 883.371625,
        "p99": 883.371625,
        "max": 883.371625,
        "avg": 828.82
      }
    },
    {
      "replicaId": 1,
      "callCount": 5,
      "idOffset": 5,
      "wallMs": 961,
      "latenciesMs": [
        961.4711249999998,
        961.51025,
        961.5006249999999,
        961.4901250000003,
        961.4070830000003
      ],
      "correctness": {
        "total": 5,
        "passed": 5,
        "failed": 0,
        "correctnessPct": 100,
        "expectedBlocked": 1,
        "blocked": 0,
        "expectedAllowed": 5,
        "allowed": 5,
        "timeouts": 0
      },
      "latencyMs": {
        "p50": 961.4901250000003,
        "p95": 961.51025,
        "p99": 961.51025,
        "max": 961.51025,
        "avg": 961.48
      }
    },
    {
      "replicaId": 2,
      "callCount": 5,
      "idOffset": 10,
      "wallMs": 911,
      "latenciesMs": [
        608.1970409999999,
        910.5472090000001,
        910.532291,
        910.5135,
        910.373
      ],
      "correctness": {
        "total": 5,
        "passed": 5,
        "failed": 0,
        "correctnessPct": 100,
        "expectedBlocked": 1,
        "blocked": 1,
        "expectedAllowed": 5,
        "allowed": 4,
        "timeouts": 0
      },
      "latencyMs": {
        "p50": 910.5135,
        "p95": 910.5472090000001,
        "p99": 910.5472090000001,
        "max": 910.5472090000001,
        "avg": 850.03
      }
    },
    {
      "replicaId": 3,
      "callCount": 5,
      "idOffset": 15,
      "wallMs": 941,
      "latenciesMs": [
        940.437459,
        940.529667,
        940.5200000000002,
        940.5097919999998,
        940.434375
      ],
      "correctness": {
        "total": 5,
        "passed": 5,
        "failed": 0,
        "correctnessPct": 100,
        "expectedBlocked": 1,
        "blocked": 0,
        "expectedAllowed": 5,
        "allowed": 5,
        "timeouts": 0
      },
      "latencyMs": {
        "p50": 940.5097919999998,
        "p95": 940.529667,
        "p99": 940.529667,
        "max": 940.529667,
        "avg": 940.49
      }
    },
    {
      "replicaId": 4,
      "callCount": 5,
      "idOffset": 20,
      "wallMs": 872,
      "latenciesMs": [
        574.361042,
        871.164959,
        871.152167,
        871.128125,
        870.9954170000001
      ],
      "correctness": {
        "total": 5,
        "passed": 5,
        "failed": 0,
        "correctnessPct": 100,
        "expectedBlocked": 1,
        "blocked": 1,
        "expectedAllowed": 5,
        "allowed": 4,
        "timeouts": 0
      },
      "latencyMs": {
        "p50": 871.128125,
        "p95": 871.164959,
        "p99": 871.164959,
        "max": 871.164959,
        "avg": 811.76
      }
    },
    {
      "replicaId": 5,
      "callCount": 5,
      "idOffset": 25,
      "wallMs": 1012,
      "latenciesMs": [
        1011.3059999999998,
        1011.342375,
        1011.2754170000001,
        1011.2295830000003,
        1011.1060419999999
      ],
      "correctness": {
        "total": 5,
        "passed": 5,
        "failed": 0,
        "correctnessPct": 100,
        "expectedBlocked": 1,
        "blocked": 0,
        "expectedAllowed": 5,
        "allowed": 5,
        "timeouts": 0
      },
      "latencyMs": {
        "p50": 1011.2754170000001,
        "p95": 1011.342375,
        "p99": 1011.342375,
        "max": 1011.342375,
        "avg": 1011.25
      }
    },
    {
      "replicaId": 6,
      "callCount": 5,
      "idOffset": 30,
      "wallMs": 878,
      "latenciesMs": [
        603.63175,
        877.5888329999998,
        877.5820840000001,
        877.567166,
        877.43425
      ],
      "correctness": {
        "total": 5,
        "passed": 5,
        "failed": 0,
        "correctnessPct": 100,
        "expectedBlocked": 1,
        "blocked": 1,
        "expectedAllowed": 5,
        "allowed": 4,
        "timeouts": 0
      },
      "latencyMs": {
        "p50": 877.567166,
        "p95": 877.5888329999998,
        "p99": 877.5888329999998,
        "max": 877.5888329999998,
        "avg": 822.76
      }
    },
    {
      "replicaId": 7,
      "callCount": 5,
      "idOffset": 35,
      "wallMs": 954,
      "latenciesMs": [
        953.4946669999999,
        953.5315830000002,
        953.517083,
        953.5028340000001,
        953.3918330000001
      ],
      "correctness": {
        "total": 5,
        "passed": 5,
        "failed": 0,
        "correctnessPct": 100,
        "expectedBlocked": 1,
        "blocked": 0,
        "expectedAllowed": 5,
        "allowed": 5,
        "timeouts": 0
      },
      "latencyMs": {
        "p50": 953.5028340000001,
        "p95": 953.5315830000002,
        "p99": 953.5315830000002,
        "max": 953.5315830000002,
        "avg": 953.49
      }
    },
    {
      "replicaId": 8,
      "callCount": 5,
      "idOffset": 40,
      "wallMs": 984,
      "latenciesMs": [
        716.514625,
        983.9358330000002,
        983.9139579999999,
        983.8946249999999,
        983.7779580000001
      ],
      "correctness": {
        "total": 5,
        "passed": 5,
        "failed": 0,
        "correctnessPct": 100,
        "expectedBlocked": 1,
        "blocked": 1,
        "expectedAllowed": 5,
        "allowed": 4,
        "timeouts": 0
      },
      "latencyMs": {
        "p50": 983.8946249999999,
        "p95": 983.9358330000002,
        "p99": 983.9358330000002,
        "max": 983.9358330000002,
        "avg": 930.41
      }
    },
    {
      "replicaId": 9,
      "callCount": 5,
      "idOffset": 45,
      "wallMs": 942,
      "latenciesMs": [
        942.199083,
        942.2424580000002,
        942.228167,
        942.2169160000003,
        942.1150839999998
      ],
      "correctness": {
        "total": 5,
        "passed": 5,
        "failed": 0,
        "correctnessPct": 100,
        "expectedBlocked": 1,
        "blocked": 0,
        "expectedAllowed": 5,
        "allowed": 5,
        "timeouts": 0
      },
      "latencyMs": {
        "p50": 942.2169160000003,
        "p95": 942.2424580000002,
        "p99": 942.2424580000002,
        "max": 942.2424580000002,
        "avg": 942.2
      }
    }
  ],
  "aggregate": {
    "correctness": {
      "total": 50,
      "passed": 50,
      "failed": 0,
      "correctnessPct": 100,
      "timeouts": 0
    },
    "latencyMs": {
      "p50": 940.529667,
      "p95": 1011.2754170000001,
      "p99": 1011.342375,
      "max": 1011.342375,
      "avg": 905.27
    },
    "wallMs": 2365,
    "callsPerSecond": 21
  },
  "comparisonToSingleProxy": {
    "singleProxy": {
      "p50": 27006.111874999995,
      "p95": 37025.202792,
      "p99": 38110.176,
      "max": 49374.93,
      "avg": 26168.51
    },
    "singleProxyWallMs": 54030,
    "multiProxy": {
      "p50": 940.529667,
      "p95": 1011.2754170000001,
      "p99": 1011.342375,
      "max": 1011.342375,
      "avg": 905.27
    },
    "multiProxyWallMs": 2365,
    "delta": {
      "p50": "-26065.6 ms",
      "p95": "-36013.9 ms",
      "p99": "-37098.8 ms",